Alice,Bob,Eve1-Alice,Eve1-Bob,Alice_Filtered,Bob_Filtered,Eve1-Alice_Filtered,Eve1-Bob_Filtered
-80,-79,-31,-83,-79.0049751243781,-78.0049751243781,-30.00497512437811,-82.0049751243781
-80,-80,-33,-81,-79.15056818181817,-78.29688920454545,-30.443210227272726,-81.85792613636363
-79,-79,-32,-78,-79.11967859943215,-78.38247537082096,-30.556097032165653,-81.07005325175625
-76,-76,-33,-83,-78.29294582578264,-78.009028753632,-30.768108791299607,-81.18148903844059
-76,-76,-34,-81,-78.10388757955192,-77.79566812497532,-31.018421556881016,-81.17013792446329
-76,-76,-33,-81,-77.95450511723014,-77.62601179340562,-31.139392858335874,-81.15727777840651
-76,-76,-32,-81,-77.82401963813307,-77.47990004046773,-31.193520566933152,-81.14363415725296
-75,-76,-34,-85,-77.64019808504726,-77.34982969332515,-31.388504817357838,-81.51370578362757
-76,-76,-34,-86,-77.54834114136756,-77.232133100711,-31.55160297883428,-81.79229758936201
-76,-76,-31,-85,-77.45906697392996,-77.12470465775266,-31.51916736624511,-81.93391798476526
-76,-76,-30,-83,-77.37253722229335,-77.02618811991113,-31.423111531351985,-81.97788711443947
-76,-76,-34,-81,-77.28889726622438,-76.93562641026466,-31.58937231806827,-81.93447932810953
-77,-76,-32,-82,-77.27082594917879,-76.85229122625745,-31.614249094506654,-81.9375838346157
-77,-76,-33,-82,-77.25282761677326,-76.77559294599563,-31.70265271976075,-81.94075408283739
-77,-76,-32,-82,-77.2351285128704,-76.70503018420881,-31.721895857396287,-81.94395170597704
-76,-77,-32,-82,-77.14470603987496,-76.73217031902223,-31.740629144084515,-81.94714176335121
-76,-76,-32,-82,-77.0604387681173,-76.66314842047062,-31.758710944023107,-81.95029345199006
-76,-76,-33,-83,-76.98173688197215,-76.60023959178281,-31.84783863002404,-82.01548574438876
-76,-76,-33,-82,-76.90814670520521,-76.54286519611694,-31.930667408484382,-82.01450457922581
-76,-77,-30,-81,-76.8393055032598,-76.58693478023606,-31.791421631922972,-81.94810964146946
-76,-76,-30,-82,-76.77491219611821,-76.52967957037393,-31.66663360192142,-81.95155352910665
-76,-76,-30,-82,-76.7147079297522,-76.47768380529513,-31.553214016603018,-81.95485407370927
-75,-76,-31,-82,-76.57976661646885,-76.43043587558196,-31.516126471096786,-81.9580021098063
-76,-76,-32,-82,-76.53566438092591,-76.38749689138398,-31.54921382607911,-81.96099202089036
-77,-76,-32,-82,-76.57164680509068,-76.34848319337983,-31.58061764485108,-81.9638212013254
-77,-77,-31,-82,-76.60547127158237,-76.41472039702613,-31.539471553544615,-81.96648953746559
-80,-79,-32,-83,-76.87826096479567,-76.67783854691638,-31.572553507441743,-82.04388269114408
-79,-79,-34,-82,-77.02123971973731,-76.87780337842275,-31.749382310819364,-82.0406005745163
-77,-77,-31,-82,-77.01985902848357,-76.88735431841846,-31.6980743946455,-82.0375217391601
-76,-76,-33,-82,-76.95138355166871,-76.815527689921,-31.788325643392042,-82.03463985904405
-77,-76,-31,-82,-76.95469529265833,-76.74855230955761,-31.733831240370275,-82.03194755315332
-76,-76,-31,-81,-76.88784357880012,-76.68612675901844,-31.682563229725844,-81.95084402943642
-76,-76,-31,-82,-76.82490694526797,-76.62799677645168,-31.634362333953437,-81.95469017992835
-76,-77,-31,-90,-76.76568090017639,-76.66001928920167,-31.589079791311164,-82.59118708164603
-76,-76,-30,-88,-76.70998550752158,-76.6019913643536,-31.474420403562096,-82.81801311582106
-76,-76,-32,-85,-76.65765779302485,-76.54837654655645,-31.511768865302905,-82.89686341421809
-76,-76,-30,-81,-76.60854639364366,-76.49888726271341,-31.402973203056696,-82.82685204733124
-76,-76,-30,-82,-76.56250784205552,-76.45326227627424,-31.303159073704883,-82.79553369405869
-76,-76,-32,-81,-76.51940405277132,-76.41125921535367,-31.352414448171793,-82.72474196647308
-76,-76,-30,-81,-76.47910069323565,-76.37264976533972,-31.255787816425606,-82.65518412918746
-76,-76,-31,-81,-76.44146620355059,-76.33721668975016,-31.237599617281525,-82.58694496961023
-76,-76,-30,-81,-76.40637128557262,-76.30475209285362,-31.14826888278646,-82.52010470704126
-76,-76,-31,-82,-76.37368872411555,-76.27505650713015,-31.13758739732201,-82.49773946610776
-76,-76,-30,-81,-76.34329343478005,-76.24793850782291,-31.05442917157657,-82.4313117490189
-76,-76,-31,-81,-76.31506265759286,-76.2232146429177,-31.050450267350385,-82.36666617333388
-76,-76,-30,-81,-76.28887623511466,-76.2007095302123,-30.97258500382964,-82.30383971379129
-76,-76,-31,-82,-76.26461692921553,-76.1802560201285,-30.974619960897556,-82.28963026600587
-76,-76,-32,-82,-76.24217074316003,-76.16169535776895,-31.05173180145529,-82.27574374168368
-76,-76,-31,-82,-76.22142722557467,-76.14487730333178,-31.04783650105716,-82.26221298594857
-76,-76,-31,-81,-76.20227974072894,-76.12966018848981,-31.044189924941318,-82.19892448898389
-76,-76,-31,-81,-76.18462569568945,-76.11591089934625,-31.040782069785585,-82.13806590194237
-76,-77,-31,-81,-76.16836671959447,-76.21053625554231,-31.037602381401932,-82.07959059526465
-76,-76,-31,-81,-76.15340879378847,-76.18814294787222,-31.03463996937146,-82.02345236322617
-76,-76,-33,-81,-76.13966233406941,-76.16793691345053,-31.191016906370237,-81.96960463187374
-76,-76,-31,-81,-76.12704222802397,-76.14973044995098,-31.176269246296428,-81.91799989871178
-77,-76,-33,-81,-76.20657451849962,-76.1333484825795,-31.318713863853954,-81.8685893609254
-76,-76,-31,-81,-76.18778891751658,-76.11862816262983,-31.294353577613187,-81.82132269647217
-76,-76,-31,-81,-76.1705687964545,-76.10541843568909,-31.271584292046814,-81.7761479682362
-75,-74,-31,-81,-76.06234930628737,-75.86897251175486,-31.250337544271822,-81.73301162610568
-77,-77,-33,-82,-76.1482089040508,-75.98669206061733,-31.38869049108436,-81.74800099729894
-76,-76,-31,-82,-76.13466121004603,-75.98806794847778,-31.358520688834616,-81.76232120776989
-76,-76,-31,-83,-76.12223053068253,-75.98932251029107,-31.33038921776991,-81.83346416665344
-76,-76,-33,-83,-76.11084164426927,-75.99046207833446,-31.462755349646976,-81.90076226671954
-76,-76,-33,-82,-76.10042162724979,-75.99149377313182,-31.58280411627901,-81.9065122025767
-75,-75,-31,-81,-75.99608750076759,-75.88293525389723,-31.537716486064728,-81.85342452717323
-77,-76,-31,-80,-76.09059271612858,-75.89567173738538,-31.495709625367873,-81.7442098621582
-76,-76,-31,-83,-76.08209338075665,-75.90715617893119,-31.456615780678014,-81.81772359080443
-76,-77,-31,-82,-76.07431550430147,-76.02875518107304,-31.42027246661637,-81.82842423649646
-76,-76,-32,-82,-76.06720927358285,-76.02558975661175,-31.466827622137952,-81.83859799107987
-76,-76,-32,-83,-76.06072624288358,-76.02274044404447,-31.509954127846125,-81.90812217155292
-76,-76,-33,-82,-76.05481978412631,-76.02018185154031,-31.631358441081055,-81.91363778874853
-76,-76,-34,-80,-76.04944539548778,-76.01788919399614,-31.822403725959653,-81.79771327157528
-76,-76,-32,-83,-76.0445608977275,-76.01583871211433,-31.836202062666537,-81.86993931143417
-76,-76,-33,-83,-76.04012654272141,-76.01400793948561,-31.927795152152324,-81.93800295766135
-77,-76,-32,-83,-76.13632520932718,-76.01237585614155,-31.933482848004477,-82.00218012641939
-75,-76,-34,-83,-76.02297021500597,-76.01092295910944,-32.098215001363016,-82.06271527667597
-76,-76,-32,-82,-76.0206975511442,-76.00963127370102,-32.09056743845831,-82.05889381009422
-77,-76,-32,-82,-76.1184483399739,-76.0084843236551,-32.08342565530475,-82.05527388955053
-77,-77,-34,-83,-76.20614057613837,-76.1273646571355,-32.23632206784314,-82.11382384416783
-77,-77,-33,-83,-76.285067762222,-76.23091627535243,-32.29615850798773,-82.16895873143348
-77,-77,-31,-83,-76.35625917501498,-76.32175173150763,-32.19382956773708,-82.22088445019818
-77,-77,-32,-82,-76.42055848884486,-76.40178876803172,-32.17854902988687,-82.207019741805
-77,-77,-31,-83,-76.4786750555978,-76.47250280041416,-32.08459766967915,-82.25715914284615
-77,-77,-33,-81,-76.53121810568557,-76.53507443616525,-32.157575231222246,-82.17731902499925
-77,-77,-31,-85,-76.57871999110927,-76.59047906917615,-32.06489960779944,-82.35659510038754
-77,-76,-33,-86,-76.6216522536988,-76.51973486168866,-32.139780407061714,-82.58172656362252
-76,-77,-32,-85,-76.55792628071131,-76.57743826154204,-32.12854555469307,-82.72439304032416
-76,-76,-31,-87,-76.50055285249208,-76.50773135278439,-32.0369534072928,-82.97367728751186
-76,-76,-31,-87,-76.44887309109733,-76.44626738565634,-31.952808912686475,-83.1952621688359
-76,-76,-31,-87,-76.40231567158045,-76.39202759697639,-31.87538320071975,-83.39583010720516
-76,-77,-31,-86,-76.36037829353111,-76.46627476784009,-31.804063619098436,-83.52875209485254
-76,-77,-33,-89,-76.32261461621076,-76.53157223107067,-31.901840930067465,-83.80684935160878
-77,-78,-33,-84,-76.39398201580599,-76.71181112320018,-31.9914993423563,-83.81595920768822
-78,-78,-31,-82,-76.56342528110153,-76.8658651444036,-31.910513641083465,-83.72852973801523
-78,-76,-32,-82,-76.71164243939403,-76.76380476971221,-31.917837960951637,-83.6445237331427
-75,-77,-33,-83,-76.53742191809677,-76.79167167470487,-32.00718889016939,-83.61290505760317
-75,-77,-31,-82,-76.3841810990349,-76.81652031400452,-31.924023855920993,-83.53251228291272
-77,-76,-32,-81,-76.44480614011496,-76.71818015559259,-31.93030524230703,-83.40522009666766
-76,-76,-32,-81,-76.40061272931759,-76.63173688849042,-31.936114590674315,-83.28470690863291
-76,-77,-32,-82,-76.36041625176604,-76.67614077378977,-31.941480425621645,-83.22042073067824
-76,-77,-32,-82,-76.32392337911833,-76.7154703560936,-31.946430795291427,-83.15873817981176
-78,-78,-32,-82,-76.49506098682728,-76.87253510010504,-31.950992987712336,-83.09960630473853
-77,-76,-32,-83,-76.54562745642511,-76.76753375591056,-31.955193324774243,-83.09447585549373
-76,-76,-32,-82,-76.49054075801071,-76.67527461347984,-31.959057018998166,-83.03740932064042
-76,-77,-32,-93,-76.44067836099367,-76.71436208530625,-31.962608080516198,-83.56111433201717
-77,-76,-32,-93,-76.4979110013691,-76.62768927585704,-31.96586926372402,-83.95594316178295
-77,-77,-32,-95,-76.54956004247113,-76.67292551027712,-31.968862044881195,-84.35204000984575
-77,-77,-32,-93,-76.59614854450885,-76.71292272493724,-31.971606623506,-84.61308735219451
-78,-76,-32,-96,-76.74214553417296,-76.62519551668848,-31.974121941752287,-84.93226879369891
-76,-76,-32,-97,-76.6658879918946,-76.54824964468337,-31.976425717084975,-85.23009748303899
-76,-76,-33,-92,-76.59725801051606,-76.48064104536137,-32.06798651295244,-85.37843182290962
-76,-76,-32,-88,-76.53546668024622,-76.42118312751391,-32.0619201513455,-85.43538217827557
-76,-76,-32,-90,-76.47982860464599,-76.36887693100584,-32.05636652529853,-85.53730526371601
-76,-77,-32,-91,-76.42973992950019,-76.44759813873985,-32.05128573739639,-85.6608766938281
-76,-76,-32,-93,-76.38466303516655,-76.39170630136839,-32.04664050674414,-85.82755968956816
-78,-78,-33,-90,-76.55493604749589,-76.59331378527106,-32.133399026574786,-85.92074217627612
-77,-77,-32,-84,-76.60101498796274,-76.64290136994828,-32.12127871510543,-85.87722446153998
-76,-76,-32,-90,-76.53839311628337,-76.5639298698975,-32.11020550902108,-85.97296200801034
-77,-76,-33,-90,-76.5866940740934,-76.49443468462646,-32.19183421844425,-86.06763785090865
-77,-77,-32,-90,-76.63016805242906,-76.55699036149777,-32.1742474237094,-86.16121279149485
-77,-77,-32,-89,-76.66927173635933,-76.612047108947,-32.15819650589368,-86.22957009551627
-76,-76,-32,-89,-76.59814434684381,-76.53562431179894,-32.143556279251236,-86.29741489199962
-75,-75,-30,-88,-76.4279713806165,-76.34349566098727,-31.944281047374204,-86.33978808053843
-76,-77,-30,-86,-76.38316599648519,-76.42378551010877,-31.76819354329233,-86.33117008302001
-76,-76,-31,-85,-76.3428049180227,-76.37175168429455,-31.699832507717918,-86.29672325767224
-76,-76,-33,-85,-76.30648359726001,-76.32581312819916,-31.8160769007324,-86.26256626090859
-76,-76,-31,-86,-76.27382883230356,-76.28530523024904,-31.74331558676731,-86.25553200347741
-76,-76,-31,-88,-76.24449708731086,-76.24962779015453,-31.67678008484903,-86.30308245095053
-76,-76,-33,-86,-76.21817285519694,-76.21823973034554,-31.795730135681122,-86.29470348357508
-75,-76,-31,-82,-76.08636922107513,-76.19065436447288,-31.724455080683704,-86.17409696964984
-76,-76,-33,-84,-76.0770974973585,-76.16643499458202,-31.839130241242778,-86.11299392913523
-76,-75,-34,-83,-76.06877075932584,-76.01754775477404,-32.032864517543686,-86.02453174005761
-76,-75,-31,-83,-76.06130163235653,-75.8891427650518,-31.94216274367288,-85.93800595294375
-75,-75,-31,-83,-75.94543151797015,-75.77759116404282,-31.859197028148962,-85.8533911898356
-76,-76,-31,-82,-75.95136037173236,-75.80543635225347,-31.783276320401264,-85.74167026918097
-76,-76,-32,-83,-75.95667474291251,-75.8299623807368,-31.802501499043164,-85.66204685061162
-76,-76,-34,-84,-75.9614331546087,-75.85152933662931,-31.99891004604217,-85.61344434882571
-76,-76,-32,-84,-75.96568965685542,-75.87046720775977,-31.99900545928797,-85.56579066749804
-76,-76,-32,-83,-75.96949388316467,-75.88707573718312,-31.999093284488183,-85.48927891627825
-76,-76,-33,-83,-75.97289120243634,-75.90162532107158,-32.0881778652791,-85.41458482782737
-76,-75,-32,-83,-75.97592293129762,-75.7849224904295,-32.08031850110772,-85.34168340368497
-76,-75,-32,-83,-75.97862658162273,-75.6838301087481,-32.07311001896829,-85.27054980156223
-76,-75,-33,-83,-75.98103612528323,-75.59591519909014,-32.15682446659611,-85.20115923640849
-75,-75,-32,-83,-75.87001244149457,-75.51927761381334,-32.14264632820655,-85.13348690056313
-75,-75,-32,-83,-75.77200032501861,-75.45238094155805,-32.129676465566675,-85.06750790061362
-76,-75,-33,-84,-75.79763533087541,-75.3939495133283,-32.20922922995601,-85.03430262409944
-75,-75,-32,-84,-75.70754990458471,-75.3429032516104,-32.19008915717042,-85.00187389831832
-75,-75,-33,-87,-75.62770026624898,-75.29831487597875,-32.26454013362881,-85.06500186301005
-75,-75,-32,-83,-75.55681394518925,-75.25938065369961,-32.24019466393796,-84.9994181170722
-75,-75,-32,-84,-75.49382667186953,-75.22539954406028,-32.217990946471566,-84.96752386852681
-75,-75,-32,-84,-75.43783140311811,-75.19575766656628,-32.19775335748402,-84.93643417596216
-75,-75,-32,-85,-75.3880438248968,-75.169916238337,-32.17931876532025,-84.93849036307634
-75,-75,-32,-85,-75.34377835408374,-75.14740184820386,-32.162535972502404,-84.9404940617226
-75,-75,-32,-84,-75.30443095429986,-75.12779836885286,-32.14726511504516,-84.90964975376507
-75,-75,-32,-84,-75.26946644818257,-75.11074007040277,-32.13337703743615,-84.87964151842621
-75,-75,-32,-84,-75.23840884640387,-75.09590565737606,-32.12075265802122,-84.85045798470189
-75,-75,-33,-83,-75.21083373807112,-75.08301304695539,-32.20427255720042,-84.78872747078113
-75,-75,-32,-83,-75.18636212033952,-75.07181476446377,-32.18488305124335,-84.72885068801288
-75,-75,-32,-83,-75.16465525901846,-75.06209386723536,-32.167270248668636,-84.67077719319725
-76,-75,-32,-83,-75.26229056596793,-75.05366032963538,-32.15127870848621,-84.61445830649377
-75,-75,-32,-83,-75.23170082370659,-75.04634783551201,-32.13676567279354,-84.5598469526264
-76,-75,-32,-82,-75.32162343651967,-75.04001093316467,-32.1236001558174,-84.47295225145596
-76,-75,-32,-83,-75.40094703148911,-75.03452251397813,-32.11166208090987,-84.4229196146572
-76,-75,-32,-83,-75.47102838494827,-75.02977158035854,-32.10084146526281,-84.37440876628104
-75,-75,-32,-83,-75.41584424306576,-75.02566127217713,-32.09103765192383,-84.32738061544053
-75,-75,-33,-82,-75.36699874293377,-75.0221071239475,-32.17969036028551,-84.24745586517452
-75,-74,-32,-83,-75.32376611423439,-74.88009405687187,-32.16218925596482,-84.20457052456288
-74,-75,-32,-83,-75.16734691015643,-74.89661053321487,-32.14633916629146,-84.16300581747116
-75,-76,-32,-84,-75.14777445348359,-75.04926287440604,-32.131990559946836,-84.15736054566254
-76,-77,-32,-80,-75.24795379225024,-75.31661843820424,-32.11900667079977,-84.0127291017142
-77,-77,-32,-82,-75.45368944311325,-75.53921976055867,-32.10726251457474,-83.94322104309784
-77,-77,-33,-82,-75.63177947415195,-75.72856488876532,-32.195639862465114,-83.87598411317296
-78,-77,-32,-81,-75.90140199743345,-75.8916706508033,-32.17629665856692,-83.77626779991358
-78,-77,-32,-82,-76.13228565123191,-76.03323178773942,-32.158808528962346,-83.71474299855707
-78,-77,-32,-81,-76.33353393794567,-76.15663062804735,-32.143004304092024,-83.62047918542754
-77,-77,-32,-82,-76.40448418466873,-76.2644535528689,-32.12872776913118,-83.56423402226741
-77,-77,-32,-84,-76.46850457915512,-76.35877244794864,-32.115836467972784,-83.57940119434528
-78,-77,-32,-88,-76.63457472778717,-76.4413056144527,-32.10420058862743,-83.73392905206552
-77,-76,-32,-89,-76.67394468803495,-76.38426945751635,-32.09370192576631,-83.9164403652553
-76,-77,-32,-90,-76.60068979312327,-76.46427910432249,-32.08423291656511,-84.12448020291936
-76,-76,-32,-90,-76.53504823410604,-76.40378067687621,-32.0756957462064,-84.32172901836807
-76,-76,-31,-88,-76.4762803102081,-76.35096012679816,-31.966354767627433,-84.44327664876216
-76,-76,-31,-87,-76.42371210146653,-76.30487117576337,-31.868470458426657,-84.52758037857667
-76,-76,-31,-85,-76.37672942217156,-76.26468263338694,-31.780649053088716,-84.54319132709402
-76,-77,-31,-84,-76.33477290228568,-76.36197092321657,-31.701736166326192,-84.52513586460364
-76,-76,-31,-85,-76.2973337438054,-76.3141201964444,-31.630756226036297,-84.54100881626299
-76,-76,-31,-84,-76.26394989142288,-76.27246103941337,-31.566871048306385,-84.5228265823804
-76,-76,-32,-89,-76.23420247502736,-76.23620910726343,-31.61082046858106,-84.6740755528369
-76,-77,-33,-88,-76.20771245232578,-76.33816344113683,-31.75219208870784,-84.7856556825012
-76,-76,-32,-88,-76.1841374204613,-76.29310174894472,-31.77724418755552,-84.89335716573297
-76,-76,-33,-88,-76.16316858725845,-76.2539261718677,-31.90137627794166,-84.99736993035485
-76,-77,-33,-89,-76.14452790299266,-76.35395239046167,-32.012483083665664,-85.1313359117904
-76,-76,-33,-88,-76.12796535713969,-76.30656838447554,-32.1121743100548,-85.22696093963573
-76,-77,-33,-87,-76.11325644444791,-76.39966515593908,-32.20177126247866,-85.2861026101222
-76,-76,-31,-89,-76.10019980278055,-76.34604083934431,-32.08040567076487,-85.41042567381903
-76,-76,-31,-86,-76.08861502262668,-76.29949176231511,-31.971596017407443,-85.43010805271635
-76,-77,-32,-89,-76.07834062561858,-76.3939842881963,-31.97445376751454,-85.54989411256136
-76,-76,-32,-87,-76.06923220714597,-76.34088220096369,-31.97703717266716,-85.59844485441441
-76,-76,-32,-88,-76.06116073636342,-76.29482132261865,-31.9793700843791,-85.67916858554717
-76,-75,-33,-86,-76.05401100557155,-76.11938698601006,-32.083499671984,-85.68997113454256
-75,-75,-33,-88,-75.93046734058728,-75.96946671014979,-32.1768677164378,-85.76812895955796
-75,-75,-32,-87,-75.82192427317516,-75.840412042453,-32.15885284747,-85.80987924649065
-75,-75,-32,-87,-75.7262695063488,-75.72882055424311,-32.14260742174782,-85.85036798822544
-75,-75,-32,-89,-75.64180411297815,-75.63207222900476,-32.12796855144345,-85.9579196156018
-75,-75,-32,-86,-75.567125192588,-75.5480687398088,-32.114786131826236,-85.95935481700458
-75,-75,-32,-87,-75.50105005133857,-75.47507961706336,-32.102922370160535,-85.99500437649176
-75,-75,-33,-87,-75.44256568448587,-75.41164745342193,-32.195933150135865,-86.02955878012743
-75,-75,-34,-85,-75.39079407782104,-75.35652689020638,-32.38278825449731,-85.99403313222511
-75,-75,-32,-82,-75.3449676146009,-75.30864349043026,-32.34365857735404,-85.85574316993468
-75,-75,-31,-82,-75.30441106575363,-75.26706462558037,-32.20576472469236,-85.7229072702116
-75,-75,-31,-83,-75.26852795365645,-75.23097782340574,-32.08260421557131,-85.62948765451468
-75,-76,-32,-82,-75.2367898842857,-75.33520171272455,-32.07418734263858,-85.50494674358143
-76,-75,-33,-84,-75.32723782151733,-75.28984951103921,-32.168987632483834,-85.45346109731918
-76,-75,-31,-82,-75.4069063117746,-75.25052433335617,-32.04925817821903,-85.33495127184426
-75,-75,-33,-83,-75.35870366517754,-75.21643917312657,-32.14641578603784,-85.25500685854398
-75,-75,-31,-83,-75.31611254000357,-75.18690918400681,-32.02923276113825,-85.17769752671533
-75,-75,-32,-82,-75.27848670825136,-75.16133772928865,-32.02624992665828,-85.06859437837402
-75,-75,-31,-82,-75.24525596270166,-75.13920480074377,-31.92103592338447,-84.96336986252341
-75,-75,-31,-82,-75.2159159539711,-75.12005719704692,-31.826683438010186,-84.86183809100567
-76,-76,-31,-82,-75.30995568057286,-75.2414103849983,-31.741971344078593,-84.76382918095882
-76,-75,-31,-83,-75.39262387999467,-75.20824713930757,-31.66585820340799,-84.70343027130399
-76,-75,-32,-83,-75.46539433972525,-75.17955666304184,-31.7001907806046,-84.64494917141737
-75,-75,-31,-83,-75.40958390300081,-75.15474918188124,-31.62798989899866,-84.58832914952536
-75,-75,-32,-82,-75.36037175313328,-75.1333105108264,-31.66640636428884,-84.49900503556613
-76,-75,-31,-82,-75.43738984147791,-75.11479265410705,-31.597377943574198,-84.41272700422046
-76,-75,-31,-82,-75.50516908096783,-75.09880558256084,-31.535414113945258,-84.3293729728505
-76,-76,-33,-82,-75.56485404650856,-75.22463344824365,-31.687596288947574,-84.24882902688105
-75,-76,-33,-82,-75.49661033277314,-75.33242797319862,-31.823051585572642,-84.1709885158018
-75,-76,-31,-82,-75.43654349764827,-75.42507540012026,-31.738438178960312,-84.09575127122031
-77,-76,-31,-81,-75.62595301441553,-75.50485895700946,-31.662423754090163,-83.98832017412855
-76,-76,-31,-82,-75.67071651789412,-75.57363863361152,-31.59411249748403,-83.91940196843943
-76,-76,-33,-82,-75.71026814925334,-75.63296212245737,-31.73939715369157,-83.85275539450544
-76,-76,-31,-82,-75.74518903707914,-75.68413649438482,-31.6633783793689,-83.78830430470965
-76,-77,-31,-82,-75.77600051209845,-75.86802140963832,-31.59504302606187,-83.72597604198117
-76,-77,-33,-82,-75.80316924793864,-76.02447141682242,-31.740090411386994,-83.66570113973462
-76,-76,-31,-82,-75.82711215728953,-76.02110864864554,-31.66405901898956,-83.60741305846395
-77,-76,-31,-85,-75.9701810610419,-76.01819259897059,-31.595701801694947,-83.65624512924751
-77,-76,-31,-84,-76.09508722629809,-76.01566805419668,-31.53424233913361,-83.66832855471247
-77,-76,-33,-83,-76.20452349352497,-76.01348532164268,-31.68583360321595,-83.64475852584907
-77,-76,-31,-83,-76.30062512085594,-76.01160014711661,-31.61531210346774,-83.62195089268047
-77,-76,-31,-83,-76.38513665739049,-76.00997342148334,-31.551898521629727,-83.59988503474405
-77,-76,-31,-89,-76.45951689363207,-76.0085707782017,-31.49488185871568,-83.79202579865795
-77,-76,-32,-87,-76.52500718905772,-76.00736214625515,-31.547197490603036,-83.904840419769
-77,-75,-31,-89,-76.58267750413592,-75.86494289842031,-31.490380646023773,-84.08371439289334
-77,-74,-31,-89,-76.63345852813745,-75.60279306749204,-31.439354925316945,-84.254701318593
-75,-75,-31,-89,-76.43422847765973,-75.52009053022445,-31.393536105157686,-84.41842561248592
-75,-75,-31,-89,-76.26151187271894,-75.44848429716517,-31.352400858382808,-84.57542784871208
-76,-76,-31,-89,-76.23025365692357,-75.52468238721946,-31.315479200482137,-84.72617923197768
-76,-76,-33,-89,-76.20259507643782,-75.59052284862528,-31.49238358117618,-84.87109314616441
-77,-76,-31,-89,-76.29879825699214,-75.64739917183918,-31.441168847013287,-85.01053445583551
-77,-75,-31,-89,-76.38342797911561,-75.55722421854549,-31.395155523559264,-85.14482706123479
-76,-74,-31,-89,-76.33709684070658,-75.3402156235123,-31.353830139237246,-85.27426008195599
-75,-74,-31,-89,-76.17503899117266,-75.15620230688582,-31.316728718016893,-85.39909295371471
-74,-74,-33,-83,-75.91319975562119,-74.99872402201541,-31.493686825524474,-85.31883239344786
-73,-73,-33,-81,-75.57030620646356,-74.72750606124296,-31.650588049930338,-85.17403021560344
-74,-73,-31,-82,-75.39268165464787,-74.49837461284639,-31.58320909842221,-85.06800652341883
-73,-73,-33,-84,-75.1227747509213,-74.3021179173304,-31.730328030335695,-85.03232229786944
-74,-74,-34,-84,-74.99860986546999,-74.26279286875881,-31.964992111492496,-84.99768495534136
-73,-75,-31,-85,-74.77655480526829,-74.35959070708621,-31.86688826666473,-84.99776294774986
-74,-81,-31,-82,-74.6911581802858,-75.23486916255543,-31.778568963604506,-84.89632809691189
-75,-77,-31,-80,-74.72536240752605,-75.41463402141694,-31.699052206848673,-84.73062069966886
-81,-76,-32,-80,-75.42597791273512,-75.47523994397166,-31.729870082931328,-84.57155032499809
-76,-76,-31,-79,-75.48002584979731,-75.53098644063598,-31.654803279128423,-84.38522261370936
-76,-75,-31,-79,-75.53003359564708,-75.47340011178224,-31.587318496906967,-84.20673075495795
-76,-75,-31,-79,-75.57603033993166,-75.42121018681175,-31.52665340256313,-84.03547075156204
-76,-76,-31,-79,-75.61813287725488,-75.48587834672402,-31.472127267969935,-83.87091859055472
-76,-76,-31,-80,-75.6565172752941,-75.54390967861707,-31.423129680208447,-83.74511604099669
-76,-75,-31,-82,-75.69139683159474,-75.48198847974491,-31.379111700981372,-83.68845751230309
-76,-76,-33,-82,-75.72300540974813,-75.5413634924282,-31.548134471150224,-83.63342338363013
-76,-75,-34,-91,-75.75158518892502,-75.47895721481416,-31.801878790037115,-83.87444914395363
-76,-76,-31,-86,-75.77737792145595,-75.53929737278796,-31.720530888346936,-83.94280258125433
-75,-76,-31,-84,-75.69622231265235,-75.59286048267323,-31.647213562021587,-83.94464835459806
-76,-76,-33,-83,-75.72801526709792,-75.64036851575194,-31.785284578577524,-83.91400773221683
-76,-75,-31,-83,-75.75660086037112,-75.56539389749997,-31.705330407033127,-83.88422593368487
-76,-76,-31,-83,-75.78227894032167,-75.616365115284,-31.63334693412941,-83.85528836642152
-76,-75,-32,-84,-75.80532682877349,-75.54388709499084,-31.67085930307604,-83.86004421796002
-76,-75,-32,-84,-75.82599955053696,-75.47984268262894,-31.704653774092424,-83.86466375073205
-76,-75,-31,-86,-75.84453055010849,-75.42324375196633,-31.632066460589062,-83.93543877691596
-76,-75,-33,-83,-75.86113272295506,-75.37322648236815,-31.773186160517856,-83.90436648816892
-76,-74,-31,-82,-75.87599963472995,-75.21061891774201,-31.69373041051241,-83.84088414997935
-75,-75,-31,-83,-75.78199100473267,-75.18584311708288,-31.62234289147671,-83.81278812353668
-75,-77,-32,-83,-75.69813459757647,-75.39995534087247,-31.66126987101656,-83.78553856987351
-74,-76,-31,-83,-75.51602343638893,-75.46986315184073,-31.59291956489946,-83.75911592975739
-75,-76,-32,-83,-75.46117730863699,-75.53179946807711,-31.635056401624826,-83.73350063629957
-77,-76,-31,-83,-75.62514306146127,-75.5866511764573,-31.569166874235503,-83.70867316192813
-77,-76,-31,-82,-75.77074850889065,-75.63520759034452,-31.510037566377864,-83.65066455833596
-76,-76,-31,-82,-75.79494175177024,-75.67817214163361,-31.4569700027456,-83.59451619809364
-76,-75,-31,-81,-75.81666802327757,-75.59809679590697,-31.409343379953203,-83.50608887807508
-76,-75,-32,-82,-75.83616152641959,-75.52742639155663,-31.471014122263004,-83.4547420436571
-76,-77,-31,-82,-75.85363836596665,-75.70162990092842,-31.421776787064807,-83.40504253362711
-75,-77,-31,-81,-75.76231214688897,-75.85407036542804,-31.377613966653566,-83.32270637580949
-74,-76,-32,-82,-75.57378314920193,-75.87113002440871,-31.442895636963534,-83.27739838121224
-77,-76,-31,-81,-75.72495806337314,-75.88625555137877,-31.39639905128862,-83.19922037363543
-77,-76,-31,-82,-75.85956335379613,-75.89965271364862,-31.35471609092323,-83.15802375662005
-76,-76,-31,-81,-75.87435809662917,-75.9115089794197,-31.317352126548386,-83.08372637595261
-77,-77,-31,-82,-75.9934354778453,-76.0404815244492,-31.283864451658378,-83.04638303122643
-76,-77,-31,-83,-75.9941291646985,-76.15383763659679,-31.253856168093808,-83.04478119389883
-77,-77,-31,-82,-76.10082491389748,-76.25367226761406,-31.226971040015016,-83.00860490244698
-77,-77,-31,-82,-76.19615994247032,-76.34171373941629,-31.202889091325545,-82.97360709133515
-77,-78,-31,-82,-76.28141748201253,-76.53745606133944,-31.181322787709544,-82.93975280840147
-77,-78,-31,-85,-76.35770286419228,-76.70845078803374,-31.1620136895081,-83.01154023968029
-77,-79,-31,-86,-76.42597953455406,-76.97486736925995,-31.144729492505117,-83.11574585233424
-79,-79,-31,-82,-76.700032593972,-77.205885390937,-31.12926139492517,-83.07688379955258
-79,-79,-31,-82,-76.93969894490108,-77.4081794012904,-31.115421743662,-83.03930173716569
-79,-78,-31,-82,-77.15138724884561,-77.47446156433841,-31.103041923050682,-83.00296059317105
-79,-78,-31,-87,-77.33963575930788,-77.53366833958225,-31.091970456786907,-83.14299481072798
-79,-77,-31,-86,-77.50781734825725,-77.47323581246876,-31.082071298843918,-83.24269717206931
-78,-77,-31,-86,-77.55753315373735,-77.4194196367674,-31.0732222930916,-83.3388525715433
-78,-77,-31,-86,-77.60248766041856,-77.37154175169519,-31.065313784222855,-83.4316142550267
-77,-77,-31,-84,-77.5409633379717,-77.32898311093031,-31.058247364836106,-83.45142300551369
-77,-76,-33,-83,-77.48551307019743,-77.17627549664061,-31.268686852280617,-83.4356522387428
-77,-77,-33,-86,-77.43557358075054,-77.15610464168932,-31.454033049470397,-83.52545531469801
-77,-77,-31,-89,-77.39062691853587,-77.13817738484231,-31.40581042306496,-83.71715185212717
-76,-77,-33,-94,-77.24670110943913,-77.12225810502251,-31.575645400718653,-84.07398685206958
-78,-77,-31,-95,-77.32440784800767,-77.10813235471869,-31.514672095337936,-84.43950970674783
-78,-77,-31,-88,-77.39421391442939,-77.09560599970082,-31.46000694908517,-84.55410252079199
-77,-77,-31,-89,-77.35340696893792,-77.08450403042752,-31.411018829438273,-84.69729677617163
-78,-78,-31,-90,-77.42051638791719,-77.19105217731882,-31.36713694986816,-84.86777961594998
-77,-78,-31,-91,-77.37680570330159,-77.28506850534646,-31.32784525120032,-85.0640191055637
-78,-78,-31,-91,-77.44172607137291,-77.36812808210921,-31.292677416526644,-85.25252375214019
-78,-77,-31,-89,-77.49995916281843,-77.32534418539785,-31.261212379196397,-85.37074983085208
-78,-78,-31,-84,-77.55219545666898,-77.40390689054657,-31.233070234596862,-85.3274745435941
-78,-78,-31,-89,-77.59905006856174,-77.473354483363,-31.20790849798707,-85.44395924279839
-78,-75,-33,-90,-77.64107278773974,-77.1849302461846,-31.401762191121602,-85.588551527749
-78,-76,-31,-90,-77.67875616954143,-77.04987699751084,-31.358708331847424,-85.72829187778918
-78,-75,-33,-90,-77.7125422100791,-76.81645462854846,-31.535033898335005,-85.86341295915267
-75,-75,-31,-89,-77.42675630197382,-76.6121221589557,-31.477936868643162,-85.96252722715323
-75,-74,-31,-90,-77.17675623187552,-76.3204369887156,-31.426806586127423,-86.09032503660104
-75,-75,-31,-90,-76.95583737337397,-76.17595748105948,-31.381037046271903,-86.21401572215787
-75,-74,-33,-91,-76.75925432090688,-75.93760288108138,-31.555049811040707,-86.3654002064933
-75,-75,-31,-90,-76.58348493539062,-75.83599235723061,-31.49577213411177,-86.48006038043968
-75,-74,-31,-89,-76.42580696261176,-75.63614268036417,-31.44270378495649,-86.55959453315045
-75,-74,-31,-89,-76.28404250474424,-75.45906393927041,-31.395209561753223,-86.63681752721467
-75,-74,-32,-88,-76.15639787493772,-75.30161115683583,-31.4602346529414,-86.6800643988676
-75,-75,-32,-81,-76.04136010178242,-75.26909601651849,-31.518349468374808,-86.49919175478884
-75,-74,-31,-81,-75.93762826277171,-75.13145257068628,-31.462454039617768,-86.32512011776852
-75,-74,-31,-81,-75.84406681790149,-75.00878401256739,-31.412510394230598,-86.15741644520074
-75,-74,-31,-81,-75.75967313791203,-74.89935001105881,-31.367888818898134,-85.99569663258697
-75,-74,-33,-81,-75.68355434747681,-74.80166678215141,-31.544729330176537,-85.8396181872031
-75,-74,-31,-80,-75.6149103681849,-74.71444949551451,-31.48611793351533,-85.65772627214783
-74,-74,-31,-81,-75.4523735831506,-74.63657272814855,-31.433713856110852,-85.51346916683312
-74,-74,-31,-81,-75.30683975964902,-74.56704247509894,-31.38686943958885,-85.37393037881587
-74,-74,-31,-80,-75.17622085471709,-74.50497568777631,-31.345004730868165,-85.20801743570398
-74,-74,-31,-80,-75.05879577461504,-74.44958479764702,-31.307599800068093,-85.04784438552072
-74,-74,-31,-80,-74.95311477490402,-74.40016560264743,-31.27418822793569,-84.89309608077436
-74,-74,-33,-80,-74.8579349431426,-74.35608747176988,-31.461988439711693,-84.74348910979107
-74,-74,-31,-80,-74.77217561267284,-74.3167851907706,-31.412118194183297,-84.59876742132677
-74,-74,-31,-80,-74.6948868284564,-74.28175200714547,-31.367534036539396,-84.45869865286107
-74,-74,-31,-80,-74.62522651118113,-74.25053358350746,-31.327689124970476,-84.32307103345765
-74,-74,-31,-80,-74.56244350747977,-74.22272266546553,-31.29209143066471,-84.19169075884935
-74,-74,-31,-80,-74.50586468071276,-74.19795433229088,-31.260298368548522,-84.06437975701269
-74,-74,-31,-80,-74.4548848160645,-74.17590173845545,-31.231912003462785,-83.94097377848728
-74,-75,-31,-80,-74.40895851726029,-74.26786559900714,-31.20657473448573,-83.82132075820265
-74,-75,-31,-80,-74.36759353858159,-74.34951847291222,-31.18396538977343,-83.70527940542972
-74,-76,-31,-80,-74.33034517332247,-74.53360647027094,-31.163795682911278,-83.59271798629227
-74,-75,-31,-80,-74.29681143881743,-74.58524144064263,-31.145806993412876,-83.4835132695184
-75,-76,-31,-80,-74.36831822239871,-74.74219904294048,-31.129767441294224,-83.37754961113004
-75,-75,-33,-80,-74.43258902382036,-74.77067873269573,-31.335835924312207,-83.27471815782552
-76,-75,-31,-80,-74.59220232169682,-74.79608399794778,-31.299202214797766,-83.17491615210888
-76,-75,-33,-80,-74.73484174004818,-74.81873270018373,-31.48516860345355,-83.07804632491562
-75,-75,-31,-80,-74.76162443484951,-74.83891309674557,-31.432492710863308,-82.98401636370062
-76,-75,-33,-80,-74.88703752620852,-74.85688573740235,-31.603096665046102,-82.8927384457832
-76,-75,-33,-81,-74.99955122581511,-74.87288549942649,-31.754356059225398,-82.83476057018521
-76,-75,-31,-82,-75.10061535467662,-74.88712365682736,-31.67291333501172,-82.8091201537583
-76,-75,-31,-82,-75.19146982788476,-74.89978991358676,-31.600135482663873,-82.784182762962
-75,-75,-31,-83,-75.17211760201566,-74.91105435551621,-31.535107392658787,-82.79085613341199
-76,-76,-31,-83,-75.25601380448495,-75.03366544817779,-31.47701415761077,-82.79734457627669
-75,-75,-31,-83,-75.23005496151805,-75.02988397257016,-31.425127861391157,-82.80365176508344
-76,-75,-31,-83,-75.30830190914939,-75.02652054720201,-31.378797002400482,-82.80978141897982
-75,-75,-33,-83,-75.2769510549042,-75.02353008571055,-31.55580922198866,-82.81573728974884
-75,-75,-31,-83,-75.24873233538257,-75.02087212705585,-31.49549330116763,-82.8215231499935
-75,-75,-31,-83,-75.22334084688082,-75.01851042104131,-31.441618256628946,-82.82714278241454
-75,-75,-31,-82,-75.20050004201602,-75.01641253358724,-31.393508515485188,-82.80102947643928
-75,-75,-31,-83,-75.17995933770183,-75.01454947675288,-31.350558693317698,-82.80732615803943
-75,-75,-31,-82,-75.16149187665418,-75.01289536594304,-31.31222592789899,-82.7817134919679
-75,-75,-31,-83,-75.1448924424477,-75.01142710502154,-31.27802329075171,-82.788654307553
-75,-75,-31,-83,-75.12997552579228,-75.01012409893467,-31.247514030472583,-82.79539019916895
-75,-75,-31,-82,-75.11657353778357,-75.00896799274588,-31.220306481022984,-82.76998222204554
-75,-75,-31,-81,-75.1045351644101,-75.00794243556881,-31.196049519456253,-82.713325657577
-75,-75,-31,-81,-75.09372385553927,-75.00703286766796,-31.174428490695277,-82.65840973180123
-75,-75,-31,-81,-75.0840164409044,-75.00622632891158,-31.15516153842757,-82.6051822342215
-75,-75,-31,-81,-75.07530186521613,-75.00551128676246,-31.13799629514174,-82.55359268214032
-75,-75,-31,-82,-75.06748003436492,-75.0048774820492,-31.122706893514287,-82.53577598948176
-76,-74,-33,-82,-75.16448071247001,-74.88915571588589,-31.331012393458806,-82.51849901192013
-75,-74,-31,-82,-75.14738870608785,-74.7869727432937,-31.29463513907569,-82.50174722816811
-75,-75,-31,-82,-75.1320490921822,-74.8114303008815,-31.262183474053344,-82.48550638570765
-75,-75,-31,-82,-75.11828516293072,-74.83311797398696,-31.233246072898858,-82.46976250578422
-75,-76,-31,-82,-75.10593761252666,-74.96754883703953,-31.207452272370652,-82.45450188729168
-75,-76,-32,-82,-75.0948628916493,-75.08614761250585,-31.29525880437662,-82.43971110964803
-74,-75,-31,-82,-74.98024180298809,-75.07626656341787,-31.26254974037001,-82.42537703475486
-75,-76,-30,-82,-74.9823063735557,-75.18245952573648,-31.1224463604421,-82.41148680812718
-76,-76,-31,-83,-75.08883062310238,-75.27637127623558,-31.108901078669472,-82.43073595243239
-76,-76,-31,-81,-75.1840879032045,-75.35949323558042,-31.096827787214924,-82.3838652180451
-77,-76,-31,-83,-75.37384557760981,-75.43310386560704,-31.086071366021567,-82.40407195720204
-76,-76,-32,-81,-75.43881343560727,-75.4983106673718,-31.187788133219275,-82.35795345355326
-77,-76,-31,-82,-75.60105681237474,-75.55608053546673,-31.166905227987026,-82.3461832848976
-76,-76,-32,-81,-75.64234506833938,-75.60726238620286,-31.25971874321637,-82.30184912230396
-76,-77,-31,-81,-75.6794510979791,-75.76805609057284,-31.23079384673973,-82.25892835560254
-76,-77,-31,-82,-75.71278286180356,-75.90964327007923,-31.20504626638468,-82.25038225528006
-76,-76,-32,-83,-75.7427116510582,-75.9200012785289,-31.29387819188492,-82.27516176494775
-76,-77,-32,-83,-75.76957469310061,-76.04413922866907,-31.372764620398407,-82.29915511032861
-75,-76,-32,-85,-75.68907531411897,-76.03907301641708,-31.442857654331615,-82.38867968896822
-76,-76,-32,-85,-75.7216085511675,-76.03457683711284,-31.505158215863744,-82.47519807180468
-76,-76,-31,-85,-75.7507863902576,-76.03058895891263,-31.448619465334243,-82.55882669260463
-77,-76,-31,-86,-75.88192664429276,-76.02705372492919,-31.398355987675778,-82.67279404225424
-76,-76,-32,-85,-75.89429109389557,-76.02392113196152,-31.465843772733137,-82.74975009239274
-75,-76,-32,-86,-75.80045470913845,-76.02114638028324,-31.52579929052468,-82.85725463317209
-76,-76,-32,-83,-75.82138713363162,-76.01868941980362,-31.57907214431925,-82.8619708529161
-77,-77,-32,-82,-75.94525469198842,-76.13288575377938,-31.6264099949324,-82.83344280092604
-76,-76,-33,-84,-75.95099733654679,-76.11744722059535,-31.781065423593006,-82.87210927331849
-76,-77,-32,-86,-75.9561482210717,-76.22015818072055,-31.805614525406323,-82.975920915422
-76,-76,-33,-88,-75.9607664662857,-76.19455874684995,-31.939811096752678,-83.14251144533561
-76,-76,-32,-86,-75.96490568846123,-76.1718977222355,-31.946557707626948,-83.23679929299615
-76,-77,-32,-86,-75.96861440993894,-76.26850558464912,-31.95256161062118,-83.3279525976374
-76,-76,-32,-87,-75.97193646836469,-76.23719996263706,-31.957901920995045,-83.44907581378311
-76,-76,-32,-87,-75.97491141397484,-76.20950133498013,-31.962649959558686,-83.56601839722477
-76,-77,-32,-87,-75.97757488820608,-76.3019501285152,-31.966869845868267,-83.67896440535966
-76,-76,-33,-87,-75.97995897970327,-76.26665193341022,-32.083786546097485,-83.78808457853043
-76,-76,-32,-87,-75.9820925557548,-76.23543495129219,-32.07432062401639,-83.89353779714915
-76,-77,-33,-87,-75.98400156852826,-76.32507112898088,-32.17908860254651,-83.99547234550946
-76,-76,-32,-87,-75.9857093363811,-76.28697204559377,-32.158837745759584,-84.09402701111448
-76,-76,-33,-86,-75.98723680110658,-76.2532921495105,-32.25412166873294,-84.15653578810644
-76,-76,-32,-87,-75.98860276233621,-76.22352409502659,-32.22534736909305,-84.24990295292726
-76,-76,-32,-87,-75.9898240905241,-76.1972184528866,-32.19978916845408,-84.34020809386656
-76,-76,-32,-87,-75.99091592003289,-76.17397698091135,-32.177093964562495,-84.42756357025691
-76,-76,-33,-86,-75.99189182386222,-76.15344675885488,-32.27071441720043,-84.47922275444289
-76,-77,-32,-87,-75.9927639715315,-76.25347796682922,-32.23993067993014,-84.56215856887252
-76,-76,-32,-87,-75.99354327156973,-76.22355409828793,-32.21260728411627,-84.64240098322782
-76,-76,-32,-86,-75.99423949998524,-76.19712612923804,-32.18836063058569,-84.68711078427177
-76,-77,-32,-86,-75.99486141599992,-76.2921701363518,-32.16684891346039,-84.73041536711267
-76,-76,-32,-86,-75.99541686623864,-76.25760407967316,-32.147767652914645,-84.77235607238121
-76,-76,-32,-86,-75.99591287847089,-76.22708593516008,-32.130845704540754,-84.81297312624348
-75,-76,-33,-86,-75.88799893868737,-76.20014673658028,-32.23051122031146,-84.8523056704233
-76,-76,-33,-86,-75.900117388233,-76.17637137677436,-32.31866733564355,-84.89039179072027
-76,-76,-32,-86,-75.91094007210624,-76.15539238721034,-32.28216756923533,-84.9272685442009
-75,-76,-32,-86,-75.81209948915499,-76.13688448387283,-32.24980467191527,-84.96297198521727
-76,-76,-33,-85,-75.8324699939419,-76.12055976153422,-32.33596372970906,-84.96420616684952
-76,-76,-32,-85,-75.85065845238404,-76.10616344539355,-32.297384908348135,-84.965401246169
-76,-76,-32,-85,-75.86689499716616,-76.0934701275493,-32.26319211744843,-84.966558346663
-76,-77,-32,-85,-75.88138605889098,-76.20199459896925,-32.23289139125318,-84.967678567769
-76,-76,-32,-86,-75.89431670232676,-76.17784637921476,-32.20604419750214,-85.00231400094636
-77,-76,-32,-86,-76.0150095654277,-76.15655526422714,-32.18226107142211,-85.03583050972154
-76,-77,-32,-86,-76.01337436957921,-76.25766727528686,-32.16119606700675,-85.06826260439759
-76,-76,-32,-86,-76.01191498763082,-76.22680531489826,-32.14254188557134,-85.09964377908581
-76,-76,-33,-86,-76.01061288627228,-76.1996021072457,-32.241895440357666,-85.13000654267795
-76,-77,-32,-86,-76.00945141248178,-76.29573332349183,-32.213891950102386,-85.1593824484089
-76,-76,-32,-86,-76.00841562047148,-76.26023559261206,-32.18909736478359,-85.18780212213707
-76,-76,-32,-85,-76.00749210966406,-76.2289570292266,-32.167148201790134,-85.1814449580676
-76,-76,-32,-86,-76.00666887454523,-76.20140140016723,-32.14772163016498,-85.20919206684485
-77,-76,-33,-85,-76.11595492323029,-76.1771303175309,-32.24690296560939,-85.20209231828392
-76,-76,-32,-85,-76.10321525895571,-76.15575646802886,-32.21819466935328,-85.19522422582061
-76,-76,-32,-85,-76.09185885721304,-76.13693768349341,-32.19279067948281,-85.18858068191435
-76,-76,-32,-85,-76.0817379239209,-76.12037172309533,-32.170315040056245,-85.18215476993068
-76,-76,-32,-85,-76.07272003009604,-76.1057916673637,-32.150434023025305,-85.17593976107077
-76,-76,-32,-85,-76.06468660683088,-76.092961844278,-32.13285143396813,-85.16992911115605
-76,-76,-32,-85,-76.05753156438712,-76.08167422188993,-32.11730444664733,-85.16411645729245
-76,-76,-32,-85,-76.05116003177464,-76.0717452122607,-32.10355989966884,-85.15849561443586
-76,-76,-32,-85,-76.04548721103073,-76.06301283930947,-32.09141100032709,-85.15306057187883
-76,-76,-32,-85,-76.04043733916463,-76.05533422930914,-32.08067438928563,-85.147805489676
-76,-76,-32,-85,-76.03594275011135,-76.04858338776418,-32.07118752618476,-85.14272469502447
-76,-76,-32,-85,-76.03194302884859,-76.04264923059918,-32.06280636130569,-85.1378126786132
-76,-76,-32,-85,-76.02838424992771,-76.0374338411866,-32.05540326250703,-85.1330640909545
-76,-76,-32,-86,-76.02521829295351,-76.03285092788394,-32.04886517007041,-85.16297104157056
-76,-76,-32,-86,-76.02240222794383,-76.0288244595234,-32.043091955030754,-85.19187460177709
-76,-76,-32,-85,-76.01989776396003,-76.02528745876154,-32.03799495913721,-85.18524239792785
-77,-76,-32,-85,-76.12959333458693,-76.02218093539582,-32.03349569686942,-85.17883206699086
-76,-76,-32,-85,-76.11510956199332,-76.01945294372152,-32.02952470196989,-85.17263649794303
-76,-76,-32,-85,-76.10222731016357,-76.01705774976124,-32.02602050278095,-85.1666487924627
-76,-76,-32,-85,-76.09077192462549,-76.01495509577386,-32.02292871232038,-85.16086225949307
-76,-77,-34,-85,-76.08058739212998,-76.13651530806634,-32.25811181672062,-85.15527040987368
-77,-76,-32,-85,-76.18387159606608,-76.1197020670021,-32.227728426868396,-85.14986695104574
-76,-74,-32,-85,-76.16323713907313,-75.85827392881744,-32.200864261634145,-85.14464578183669
-76,-76,-32,-85,-76.14489393192673,-75.87552887665125,-32.17712339974897,-85.13960098732846
-76,-76,-32,-86,-76.1285909500173,-75.89072549364612,-32.156151631236675,-85.16964172667102
-76,-76,-32,-86,-76.11410413000483,-75.9040990353455,-32.13763283467915,-85.19865978398909
-76,-75,-32,-86,-76.10123357344877,-75.79321615822327,-32.12128543629283,-85.22668941062513
-76,-74,-32,-86,-76.08980102013017,-75.5734331975409,-32.10685903470243,-85.25376367910522
-73,-76,-33,-86,-75.74044928366757,-75.62529402204129,-32.21323950916426,-85.27991453110951
-77,-76,-32,-86,-75.87950474222345,-75.670955254809,-32.18786658092443,-85.30517282256424
-77,-76,-32,-86,-76.0031527876928,-75.71113636875916,-32.16548143398143,-85.32956836611078
-77,-76,-33,-86,-76.11318732100396,-75.74647832537038,-32.265051778577174,-85.35312997118007
-76,-75,-34,-86,-76.10068374859281,-75.65498707892753,-32.471917610557675,-85.37588548187686
-75,-76,-34,-86,-75.97871930719978,-75.69727740143385,-32.652795491572235,-85.39786181285619
-76,-75,-32,-83,-75.98107639469492,-75.61168138832213,-32.575866294759905,-85.31334594726943
-76,-75,-32,-81,-75.98317797203501,-75.53657773522612,-32.50789813293575,-85.16137188363807
-76,-75,-32,-87,-75.98505049811347,-75.47065795970548,-32.44785800166989,-85.22592568322031
-76,-76,-32,-88,-75.98671801580585,-75.53574171512888,-32.39483276121086,-85.32336370734724
-76,-75,-32,-93,-75.98820227793222,-75.4698190951073,-32.34801400717324,-85.59282971434796
-76,-75,-32,-87,-75.98952289860546,-75.41196608171234,-32.30668548131874,-85.64157819070263
-76,-75,-31,-84,-75.9906975162001,-75.3611911185173,-32.15128556414895,-85.5846355259577
-76,-74,-31,-88,-75.99174195871817,-75.19325310351438,-32.01481005144439,-85.6685097662825
-75,-74,-34,-86,-75.88024097957103,-75.04665472259511,-32.249727173176574,-85.68002417665039
-77,-74,-32,-86,-76.00598290810673,-74.9183697171192,-32.220439726856064,-85.69115731072297
-76,-76,-32,-87,-76.00531219986334,-75.05079776405474,-32.19451058197663,-85.73677113361695
-75,-76,-32,-89,-75.89241812421777,-75.16687092098563,-32.17157287912898,-85.85063216490555
-76,-75,-32,-86,-75.90448743258519,-75.14647126332315,-32.15129484114323,-85.85583868833503
-74,-76,-33,-85,-75.69046563982732,-75.25105655150114,-32.251801730518316,-85.82595829071428
-75,-76,-32,-85,-75.61345779506199,-75.34281788319173,-32.2219878081358,-85.7970806376696
-75,-77,-32,-85,-75.54495756875815,-75.54594063557131,-32.195659045519385,-85.76917417101716
-76,-77,-32,-94,-75.5958335480368,-75.7230630784675,-32.172416334595326,-86.05773327354069
